-- Automatically generated by SQLQueryTestSuite
-- Number of queries: 17


-- !query
create temporary view t as select * from values 0, 1, 2 as t(id)
-- !query schema
struct<>
-- !query output



-- !query
create temporary view t2 as select * from values 0, 1 as t(id)
-- !query schema
struct<>
-- !query output



-- !query
SET spark.sql.legacy.ctePrecedence.enabled=true
-- !query schema
struct<key:string,value:string>
-- !query output
spark.sql.legacy.ctePrecedence.enabled	true


-- !query
WITH t as (
  WITH t2 AS (SELECT 1)
  SELECT * FROM t2
)
SELECT * FROM t
-- !query schema
struct<1:int>
-- !query output
1


-- !query
SELECT max(c) FROM (
  WITH t(c) AS (SELECT 1)
  SELECT * FROM t
)
-- !query schema
struct<max(c):int>
-- !query output
1


-- !query
SELECT (
  WITH t AS (SELECT 1)
  SELECT * FROM t
)
-- !query schema
struct<scalarsubquery():int>
-- !query output
1


-- !query
WITH
  t AS (SELECT 1),
  t2 AS (
    WITH t AS (SELECT 2)
    SELECT * FROM t
  )
SELECT * FROM t2
-- !query schema
struct<1:int>
-- !query output
1


-- !query
WITH
  t(c) AS (SELECT 1),
  t2 AS (
    SELECT (
      SELECT max(c) FROM (
        WITH t(c) AS (SELECT 2)
        SELECT * FROM t
      )
    )
  )
SELECT * FROM t2
-- !query schema
struct<scalarsubquery():int>
-- !query output
1


-- !query
WITH
  t AS (SELECT 1),
  t2 AS (
    WITH t AS (SELECT 2),
    t2 AS (
      WITH t AS (SELECT 3)
      SELECT * FROM t
    )
    SELECT * FROM t2
  )
SELECT * FROM t2
-- !query schema
struct<2:int>
-- !query output
2


-- !query
WITH t(c) AS (SELECT 1)
SELECT max(c) FROM (
  WITH t(c) AS (SELECT 2)
  SELECT * FROM t
)
-- !query schema
struct<max(c):int>
-- !query output
2


-- !query
WITH t(c) AS (SELECT 1)
SELECT sum(c) FROM (
  SELECT max(c) AS c FROM (
    WITH t(c) AS (SELECT 2)
    SELECT * FROM t
  )
)
-- !query schema
struct<sum(c):bigint>
-- !query output
2


-- !query
WITH t(c) AS (SELECT 1)
SELECT sum(c) FROM (
  WITH t(c) AS (SELECT 2)
  SELECT max(c) AS c FROM (
    WITH t(c) AS (SELECT 3)
    SELECT * FROM t
  )
)
-- !query schema
struct<sum(c):bigint>
-- !query output
3


-- !query
WITH t AS (SELECT 1)
SELECT (
  WITH t AS (SELECT 2)
  SELECT * FROM t
)
-- !query schema
struct<scalarsubquery():int>
-- !query output
1


-- !query
WITH t AS (SELECT 1)
SELECT (
  SELECT (
    WITH t AS (SELECT 2)
    SELECT * FROM t
  )
)
-- !query schema
struct<scalarsubquery():int>
-- !query output
1


-- !query
WITH t AS (SELECT 1)
SELECT (
  WITH t AS (SELECT 2)
  SELECT (
    WITH t AS (SELECT 3)
    SELECT * FROM t
  )
)
-- !query schema
struct<scalarsubquery():int>
-- !query output
1


-- !query
DROP VIEW IF EXISTS t
-- !query schema
struct<>
-- !query output



-- !query
DROP VIEW IF EXISTS t2
-- !query schema
struct<>
-- !query output

