-- Automatically generated by SQLQueryTestSuite
-- Number of queries: 65


-- !query
CREATE TEMPORARY VIEW t AS select '2011-05-06 07:08:09.1234567' as c, interval 10 year 20 month 30 day 40 hour 50 minute 6.7890 second as i
-- !query schema
struct<>
-- !query output



-- !query
select extract(millennium from c) from t
-- !query schema
struct<date_part('millennium', t.`c`):int>
-- !query output
3


-- !query
select extract(millennia from c) from t
-- !query schema
struct<date_part('millennia', t.`c`):int>
-- !query output
3


-- !query
select extract(mil from c) from t
-- !query schema
struct<date_part('mil', t.`c`):int>
-- !query output
3


-- !query
select extract(mils from c) from t
-- !query schema
struct<date_part('mils', t.`c`):int>
-- !query output
3


-- !query
select extract(century from c) from t
-- !query schema
struct<date_part('century', t.`c`):int>
-- !query output
21


-- !query
select extract(centuries from c) from t
-- !query schema
struct<date_part('centuries', t.`c`):int>
-- !query output
21


-- !query
select extract(c from c) from t
-- !query schema
struct<date_part('c', t.`c`):int>
-- !query output
21


-- !query
select extract(cent from c)from t
-- !query schema
struct<date_part('cent', t.`c`):int>
-- !query output
21


-- !query
select extract(decade from c) from t
-- !query schema
struct<date_part('decade', t.`c`):int>
-- !query output
201


-- !query
select extract(decades from c) from t
-- !query schema
struct<date_part('decades', t.`c`):int>
-- !query output
201


-- !query
select extract(dec from c) from t
-- !query schema
struct<date_part('dec', t.`c`):int>
-- !query output
201


-- !query
select extract(decs from c) from t
-- !query schema
struct<date_part('decs', t.`c`):int>
-- !query output
201


-- !query
select extract(year from c), extract(year from i) from t
-- !query schema
struct<date_part('year', t.`c`):int,date_part('year', t.`i`):int>
-- !query output
2011	11


-- !query
select extract(y from c), extract(y from i) from t
-- !query schema
struct<date_part('y', t.`c`):int,date_part('y', t.`i`):int>
-- !query output
2011	11


-- !query
select extract(years from c), extract(years from i) from t
-- !query schema
struct<date_part('years', t.`c`):int,date_part('years', t.`i`):int>
-- !query output
2011	11


-- !query
select extract(yr from c), extract(yr from i) from t
-- !query schema
struct<date_part('yr', t.`c`):int,date_part('yr', t.`i`):int>
-- !query output
2011	11


-- !query
select extract(yrs from c), extract(yrs from i) from t
-- !query schema
struct<date_part('yrs', t.`c`):int,date_part('yrs', t.`i`):int>
-- !query output
2011	11


-- !query
select extract(isoyear from c) from t
-- !query schema
struct<date_part('isoyear', t.`c`):int>
-- !query output
2011


-- !query
select extract(quarter from c) from t
-- !query schema
struct<date_part('quarter', t.`c`):int>
-- !query output
2


-- !query
select extract(qtr from c) from t
-- !query schema
struct<date_part('qtr', t.`c`):int>
-- !query output
2


-- !query
select extract(month from c), extract(month from i) from t
-- !query schema
struct<date_part('month', t.`c`):int,date_part('month', t.`i`):tinyint>
-- !query output
5	8


-- !query
select extract(mon from c), extract(mon from i) from t
-- !query schema
struct<date_part('mon', t.`c`):int,date_part('mon', t.`i`):tinyint>
-- !query output
5	8


-- !query
select extract(mons from c), extract(mons from i) from t
-- !query schema
struct<date_part('mons', t.`c`):int,date_part('mons', t.`i`):tinyint>
-- !query output
5	8


-- !query
select extract(months from c), extract(months from i) from t
-- !query schema
struct<date_part('months', t.`c`):int,date_part('months', t.`i`):tinyint>
-- !query output
5	8


-- !query
select extract(week from c) from t
-- !query schema
struct<date_part('week', t.`c`):int>
-- !query output
18


-- !query
select extract(w from c) from t
-- !query schema
struct<date_part('w', t.`c`):int>
-- !query output
18


-- !query
select extract(weeks from c) from t
-- !query schema
struct<date_part('weeks', t.`c`):int>
-- !query output
18


-- !query
select extract(day from c), extract(day from i) from t
-- !query schema
struct<date_part('day', t.`c`):int,date_part('day', t.`i`):int>
-- !query output
6	30


-- !query
select extract(d from c), extract(d from i) from t
-- !query schema
struct<date_part('d', t.`c`):int,date_part('d', t.`i`):int>
-- !query output
6	30


-- !query
select extract(days from c), extract(days from i) from t
-- !query schema
struct<date_part('days', t.`c`):int,date_part('days', t.`i`):int>
-- !query output
6	30


-- !query
select extract(dayofweek from c) from t
-- !query schema
struct<date_part('dayofweek', t.`c`):int>
-- !query output
6


-- !query
select extract(dow from c) from t
-- !query schema
struct<date_part('dow', t.`c`):int>
-- !query output
5


-- !query
select extract(isodow from c) from t
-- !query schema
struct<date_part('isodow', t.`c`):int>
-- !query output
5


-- !query
select extract(doy from c) from t
-- !query schema
struct<date_part('doy', t.`c`):int>
-- !query output
126


-- !query
select extract(hour from c), extract(hour from i) from t
-- !query schema
struct<date_part('hour', t.`c`):int,date_part('hour', t.`i`):bigint>
-- !query output
7	40


-- !query
select extract(h from c), extract(h from i) from t
-- !query schema
struct<date_part('h', t.`c`):int,date_part('h', t.`i`):bigint>
-- !query output
7	40


-- !query
select extract(hours from c), extract(hours from i) from t
-- !query schema
struct<date_part('hours', t.`c`):int,date_part('hours', t.`i`):bigint>
-- !query output
7	40


-- !query
select extract(hr from c), extract(hr from i) from t
-- !query schema
struct<date_part('hr', t.`c`):int,date_part('hr', t.`i`):bigint>
-- !query output
7	40


-- !query
select extract(hrs from c), extract(hrs from i) from t
-- !query schema
struct<date_part('hrs', t.`c`):int,date_part('hrs', t.`i`):bigint>
-- !query output
7	40


-- !query
select extract(minute from c), extract(minute from i) from t
-- !query schema
struct<date_part('minute', t.`c`):int,date_part('minute', t.`i`):tinyint>
-- !query output
8	50


-- !query
select extract(m from c), extract(m from i) from t
-- !query schema
struct<date_part('m', t.`c`):int,date_part('m', t.`i`):tinyint>
-- !query output
8	50


-- !query
select extract(min from c), extract(min from i) from t
-- !query schema
struct<date_part('min', t.`c`):int,date_part('min', t.`i`):tinyint>
-- !query output
8	50


-- !query
select extract(mins from c), extract(mins from i) from t
-- !query schema
struct<date_part('mins', t.`c`):int,date_part('mins', t.`i`):tinyint>
-- !query output
8	50


-- !query
select extract(minutes from c), extract(minutes from i) from t
-- !query schema
struct<date_part('minutes', t.`c`):int,date_part('minutes', t.`i`):tinyint>
-- !query output
8	50


-- !query
select extract(second from c), extract(second from i) from t
-- !query schema
struct<date_part('second', t.`c`):decimal(8,6),date_part('second', t.`i`):decimal(8,6)>
-- !query output
9.123456	6.789000


-- !query
select extract(s from c), extract(s from i) from t
-- !query schema
struct<date_part('s', t.`c`):decimal(8,6),date_part('s', t.`i`):decimal(8,6)>
-- !query output
9.123456	6.789000


-- !query
select extract(sec from c), extract(sec from i) from t
-- !query schema
struct<date_part('sec', t.`c`):decimal(8,6),date_part('sec', t.`i`):decimal(8,6)>
-- !query output
9.123456	6.789000


-- !query
select extract(seconds from c), extract(seconds from i) from t
-- !query schema
struct<date_part('seconds', t.`c`):decimal(8,6),date_part('seconds', t.`i`):decimal(8,6)>
-- !query output
9.123456	6.789000


-- !query
select extract(secs from c), extract(secs from i) from t
-- !query schema
struct<date_part('secs', t.`c`):decimal(8,6),date_part('secs', t.`i`):decimal(8,6)>
-- !query output
9.123456	6.789000


-- !query
select extract(milliseconds from c) from t
-- !query schema
struct<date_part('milliseconds', t.`c`):decimal(8,3)>
-- !query output
9123.456


-- !query
select extract(msec from c) from t
-- !query schema
struct<date_part('msec', t.`c`):decimal(8,3)>
-- !query output
9123.456


-- !query
select extract(msecs from c) from t
-- !query schema
struct<date_part('msecs', t.`c`):decimal(8,3)>
-- !query output
9123.456


-- !query
select extract(millisecon from c) from t
-- !query schema
struct<date_part('millisecon', t.`c`):decimal(8,3)>
-- !query output
9123.456


-- !query
select extract(mseconds from c) from t
-- !query schema
struct<date_part('mseconds', t.`c`):decimal(8,3)>
-- !query output
9123.456


-- !query
select extract(ms from c) from t
-- !query schema
struct<date_part('ms', t.`c`):decimal(8,3)>
-- !query output
9123.456


-- !query
select extract(microseconds from c) from t
-- !query schema
struct<date_part('microseconds', t.`c`):int>
-- !query output
9123456


-- !query
select extract(usec from c) from t
-- !query schema
struct<date_part('usec', t.`c`):int>
-- !query output
9123456


-- !query
select extract(usecs from c) from t
-- !query schema
struct<date_part('usecs', t.`c`):int>
-- !query output
9123456


-- !query
select extract(useconds from c) from t
-- !query schema
struct<date_part('useconds', t.`c`):int>
-- !query output
9123456


-- !query
select extract(microsecon from c) from t
-- !query schema
struct<date_part('microsecon', t.`c`):int>
-- !query output
9123456


-- !query
select extract(us from c) from t
-- !query schema
struct<date_part('us', t.`c`):int>
-- !query output
9123456


-- !query
select extract(epoch from c) from t
-- !query schema
struct<date_part('epoch', t.`c`):decimal(20,6)>
-- !query output
1304665689.123456


-- !query
select extract(not_supported from c) from t
-- !query schema
struct<>
-- !query output
org.apache.spark.sql.AnalysisException
Literals of type 'not_supported' are currently not supported for the string type.;; line 1 pos 7


-- !query
select extract(not_supported from i) from t
-- !query schema
struct<>
-- !query output
org.apache.spark.sql.AnalysisException
Literals of type 'not_supported' are currently not supported for the interval type.;; line 1 pos 7
