-- Automatically generated by SQLQueryTestSuite
-- Number of queries: 64


-- !query
CREATE TEMPORARY VIEW t AS select '2011-05-06 07:08:09.1234567' as c
-- !query schema
struct<>
-- !query output



-- !query
select extract(millennium from c) from t
-- !query schema
struct<date_part('millennium', `c`):int>
-- !query output
3


-- !query
select extract(millennia from c) from t
-- !query schema
struct<date_part('millennia', `c`):int>
-- !query output
3


-- !query
select extract(mil from c) from t
-- !query schema
struct<date_part('mil', `c`):int>
-- !query output
3


-- !query
select extract(mils from c) from t
-- !query schema
struct<date_part('mils', `c`):int>
-- !query output
3


-- !query
select extract(century from c) from t
-- !query schema
struct<date_part('century', `c`):int>
-- !query output
21


-- !query
select extract(centuries from c) from t
-- !query schema
struct<date_part('centuries', `c`):int>
-- !query output
21


-- !query
select extract(c from c) from t
-- !query schema
struct<date_part('c', `c`):int>
-- !query output
21


-- !query
select extract(cent from c) from t
-- !query schema
struct<date_part('cent', `c`):int>
-- !query output
21


-- !query
select extract(decade from c) from t
-- !query schema
struct<date_part('decade', `c`):int>
-- !query output
201


-- !query
select extract(decades from c) from t
-- !query schema
struct<date_part('decades', `c`):int>
-- !query output
201


-- !query
select extract(dec from c) from t
-- !query schema
struct<date_part('dec', `c`):int>
-- !query output
201


-- !query
select extract(decs from c) from t
-- !query schema
struct<date_part('decs', `c`):int>
-- !query output
201


-- !query
select extract(year from c) from t
-- !query schema
struct<date_part('year', `c`):int>
-- !query output
2011


-- !query
select extract(y from c) from t
-- !query schema
struct<date_part('y', `c`):int>
-- !query output
2011


-- !query
select extract(years from c) from t
-- !query schema
struct<date_part('years', `c`):int>
-- !query output
2011


-- !query
select extract(yr from c) from t
-- !query schema
struct<date_part('yr', `c`):int>
-- !query output
2011


-- !query
select extract(yrs from c) from t
-- !query schema
struct<date_part('yrs', `c`):int>
-- !query output
2011


-- !query
select extract(isoyear from c) from t
-- !query schema
struct<date_part('isoyear', `c`):int>
-- !query output
2011


-- !query
select extract(quarter from c) from t
-- !query schema
struct<date_part('quarter', `c`):int>
-- !query output
2


-- !query
select extract(qtr from c) from t
-- !query schema
struct<date_part('qtr', `c`):int>
-- !query output
2


-- !query
select extract(month from c) from t
-- !query schema
struct<date_part('month', `c`):int>
-- !query output
5


-- !query
select extract(mon from c) from t
-- !query schema
struct<date_part('mon', `c`):int>
-- !query output
5


-- !query
select extract(mons from c) from t
-- !query schema
struct<date_part('mons', `c`):int>
-- !query output
5


-- !query
select extract(months from c) from t
-- !query schema
struct<date_part('months', `c`):int>
-- !query output
5


-- !query
select extract(week from c) from t
-- !query schema
struct<date_part('week', `c`):int>
-- !query output
18


-- !query
select extract(w from c) from t
-- !query schema
struct<date_part('w', `c`):int>
-- !query output
18


-- !query
select extract(weeks from c) from t
-- !query schema
struct<date_part('weeks', `c`):int>
-- !query output
18


-- !query
select extract(day from c) from t
-- !query schema
struct<date_part('day', `c`):int>
-- !query output
6


-- !query
select extract(d from c) from t
-- !query schema
struct<date_part('d', `c`):int>
-- !query output
6


-- !query
select extract(days from c) from t
-- !query schema
struct<date_part('days', `c`):int>
-- !query output
6


-- !query
select extract(dayofweek from c) from t
-- !query schema
struct<date_part('dayofweek', `c`):int>
-- !query output
6


-- !query
select extract(dow from c) from t
-- !query schema
struct<date_part('dow', `c`):int>
-- !query output
5


-- !query
select extract(isodow from c) from t
-- !query schema
struct<date_part('isodow', `c`):int>
-- !query output
5


-- !query
select extract(doy from c) from t
-- !query schema
struct<date_part('doy', `c`):int>
-- !query output
126


-- !query
select extract(hour from c) from t
-- !query schema
struct<date_part('hour', `c`):int>
-- !query output
7


-- !query
select extract(h from c) from t
-- !query schema
struct<date_part('h', `c`):int>
-- !query output
7


-- !query
select extract(hours from c) from t
-- !query schema
struct<date_part('hours', `c`):int>
-- !query output
7


-- !query
select extract(hr from c) from t
-- !query schema
struct<date_part('hr', `c`):int>
-- !query output
7


-- !query
select extract(hrs from c) from t
-- !query schema
struct<date_part('hrs', `c`):int>
-- !query output
7


-- !query
select extract(minute from c) from t
-- !query schema
struct<date_part('minute', `c`):int>
-- !query output
8


-- !query
select extract(m from c) from t
-- !query schema
struct<date_part('m', `c`):int>
-- !query output
8


-- !query
select extract(min from c) from t
-- !query schema
struct<date_part('min', `c`):int>
-- !query output
8


-- !query
select extract(mins from c) from t
-- !query schema
struct<date_part('mins', `c`):int>
-- !query output
8


-- !query
select extract(minutes from c) from t
-- !query schema
struct<date_part('minutes', `c`):int>
-- !query output
8


-- !query
select extract(second from c) from t
-- !query schema
struct<date_part('second', `c`):decimal(8,6)>
-- !query output
9.123456


-- !query
select extract(s from c) from t
-- !query schema
struct<date_part('s', `c`):decimal(8,6)>
-- !query output
9.123456


-- !query
select extract(sec from c) from t
-- !query schema
struct<date_part('sec', `c`):decimal(8,6)>
-- !query output
9.123456


-- !query
select extract(seconds from c) from t
-- !query schema
struct<date_part('seconds', `c`):decimal(8,6)>
-- !query output
9.123456


-- !query
select extract(secs from c) from t
-- !query schema
struct<date_part('secs', `c`):decimal(8,6)>
-- !query output
9.123456


-- !query
select extract(milliseconds from c) from t
-- !query schema
struct<date_part('milliseconds', `c`):decimal(8,3)>
-- !query output
9123.456


-- !query
select extract(msec from c) from t
-- !query schema
struct<date_part('msec', `c`):decimal(8,3)>
-- !query output
9123.456


-- !query
select extract(msecs from c) from t
-- !query schema
struct<date_part('msecs', `c`):decimal(8,3)>
-- !query output
9123.456


-- !query
select extract(millisecon from c) from t
-- !query schema
struct<date_part('millisecon', `c`):decimal(8,3)>
-- !query output
9123.456


-- !query
select extract(mseconds from c) from t
-- !query schema
struct<date_part('mseconds', `c`):decimal(8,3)>
-- !query output
9123.456


-- !query
select extract(ms from c) from t
-- !query schema
struct<date_part('ms', `c`):decimal(8,3)>
-- !query output
9123.456


-- !query
select extract(microseconds from c) from t
-- !query schema
struct<date_part('microseconds', `c`):int>
-- !query output
9123456


-- !query
select extract(usec from c) from t
-- !query schema
struct<date_part('usec', `c`):int>
-- !query output
9123456


-- !query
select extract(usecs from c) from t
-- !query schema
struct<date_part('usecs', `c`):int>
-- !query output
9123456


-- !query
select extract(useconds from c) from t
-- !query schema
struct<date_part('useconds', `c`):int>
-- !query output
9123456


-- !query
select extract(microsecon from c) from t
-- !query schema
struct<date_part('microsecon', `c`):int>
-- !query output
9123456


-- !query
select extract(us from c) from t
-- !query schema
struct<date_part('us', `c`):int>
-- !query output
9123456


-- !query
select extract(epoch from c) from t
-- !query schema
struct<date_part('epoch', `c`):decimal(20,6)>
-- !query output
1304665689.123456


-- !query
select extract(not_supported from c) from t
-- !query schema
struct<>
-- !query output
org.apache.spark.sql.catalyst.parser.ParseException

Literals of type 'not_supported' are currently not supported.(line 1, pos 7)

== SQL ==
select extract(not_supported from c) from t
-------^^^
